timestamp;character;es;en
0;Lena:;Tengo miedo. ;I'm scared 
3.3;Lena:;Estoy empezando a perder pelo, mucho pelo. ;I'm starting to lose hair, a lot of hair. 
6.8;Lena:;Bueno, Lena, últimamente has pasado por muchas cosas. ;Well Lena, you've been through a lot lately 
10.189;Psychologist:;La caída del cabello es un síntoma común del estrés y la ansiedad.;Hair loss is a common symptom of stress and anxiety.
14.063;Lena:;¡No, no! Esto es otra cosa, la forma en que se cae.;No, no! This is something else, the way it falls out.
20.092;Lena:;Ocurre durante la noche, siento como si algo me tirara del pelo.;It happens during the night, I can feel something pulling my hair out.
25.891;Lena:;Pero cuando me despierto, simplemente ha desaparecido. ;But when I wake up it's just gone. 
29.525;Lena:;No hay rastro del pelo arrancado?;There's no trace of the pulled out hair?
33.11;Psychologist:;¿Crees que alguien te está tirando del pelo? ;Do you think someone is pulling your hair out? 
37.235;Psychologist:;¿Qué motivo tendría alguien de tu casa para hacer eso? ;What reason would someone in your house have to do that? 
40.4;Lena:;No es una persona, no es humano. ;It's not a person, it's not human. 
44.325;Lena:;Puedo sentir cómo me observa mientras duermo. ;I can feel it watching me while I sleep. 
47.778;Psychologist:;Entiendo, este «ser», ¿lo has visto? ;"I understand, this ""being"", have you seen it? "
53.585;Lena:;No. ;No. 
54.633;Psychologist:;La ansiedad no solo puede hacerte perder el cabello.;Anxiety can not only make you lose your hair.
59.149;Psychologist:;A veces nos hace sentir cosas que en realidad no existen. ;Sometimes it makes us feel things that aren't really there. 
64.352;;;
