id,es,en
NEWSPAPER_HECTOR,"[font_size=20][b]LÍDER ELIMINADO[/b][/font_size]\n\nLa comandancia general calificó de ""éxito absoluto"" la reciente operación relámpago en el sector urbano, la cual concluyó con la baja de Víctor ""Héctor"" Markov, el cabecilla de las fuerzas de ocupación. Tras consolidar el control de la plaza, el destacamento celebró la caída del tirano, cuyo deceso representa un triunfo histórico para la moral de nuestras tropas.Según el parte médico forense emitido tras el combate, el cuerpo de Markov presentó una degradación traumática severa, incompatible con impactos de bala convencionales. El informe detalla una pérdida masiva de tejido epidérmico a lo largo de toda la región dorsal, desfiguración facial completa por fricción y la presencia de sedimentos de roca y asfalto incrustados profundamente en el tórax. Fuentes oficiales confirmaron que los restos fueron expuestos a la vista del bando contrario a lo largo de la línea de demarcación antes de su disposición final. El Estado Mayor envió un mensaje contundente: la soberbia del opresor ha quedado deshecha contra nuestro propio suelo.","[font_size=20][b]OCCUPYNG LEADER ELIMINATED[/b][/font_size]\n\nThe General Command described the recent lightning operation in the urban sector as an “absolute success,” which concluded with the elimination of Víctor “Héctor” Markov, the leader of the occupying forces. After consolidating control of the area, the detachment celebrated the fall of the tyrant, whose death represents a historic triumph for the morale of our troops.\nAccording to the forensic medical report issued after the battle, Markov’s body exhibited severe traumatic degradation, inconsistent with conventional bullet wounds. The report details massive loss of epidermal tissue across the entire dorsal region, complete facial disfigurement due to friction, and the presence of rock and asphalt debris deeply embedded in the thorax. Official sources confirmed that the remains were displayed in full view of the opposing side along the demarcation line prior to their final disposal. The General Staff sent a forceful message: the oppressor’s arrogance has been shattered upon our own soil."
NEWSPAPER_AYAX,"[center][font_size=20][b]EL DECESO AUTOINFLIGIDO DEL CABO VOSS[/b][/font_size][/center]\n\nEl cuerpo del suboficial Albert Voss fue hallado en posición de decúbito supino (boca arriba) en el área de sanidad posterior. El deceso se produjo de manera inmediata durante el cambio de guardia de la madrugada. El examen preliminar revela un traumatismo craneoencefálico severo con exposición de masa encefálica, provocado por una deflagración a quemarropa. Las quemaduras de pólvora en la región palmar derecha y el ángulo de entrada del proyectil confirman la autolesión con su propio armamento reglamentario.","[center][font_size=20][b]THE SELF-INFLICTED FATALITY OF CORPORAL VOSS[/b][/font_size][/center]\n\nThe non-commissioned officer Albert Voss's body was found lying on his back in the rear medical area. Death occurred instantly during the early morning guard change. The preliminary examination reveals severe head trauma with exposure of brain matter, caused by a close-range explosion. Gunpowder burns on the right palm and the angle of entry of the projectile confirm that he inflicted the injury on himself with his own service weapon."
NEWSPAPER_AQUILES,"[font_size=20][b]DOS
MINUTOS DE
ESTÁTICA[/b][/font_size]\n\n
El Departamento de Inteligencia ha anexado el testimonio del Raso Miller, único operador sobreviviente en el perímetro industrial, respecto a la baja del Teniente Arthur Aubert.\n""No hubo combate. Una esquirla atrapó al Teniente Adler en la base de la pierna; parecia una herida profunda en el tendon, simplemente colapsó sobre el hormigón. No podía ponerse en pie. El ruido vino después. Ese chirrido sordo de las cadenas de transmisión pesadas. El conductor sabía que él estaba allí; el motor se detuvo un segundo. Luego solo se escuchó el aumento de revoluciones. El Teniente no soltó el conmutador de la radio de campaña. La transmisión no se cortó de inmediato; el canal se llenó de estática, metal crujiendo y tras el primero de sus desesperados gritos ahogados, un sonido de presión húmeda contra el asfalto que duró casi dos minutos""","[font_size=20][b]TWO
MINUTES OF
STATIC[/b][/font_size]\n\nThe Intelligence Department has attached the testimony of Private Miller, the sole surviving operator in the industrial perimeter, regarding the death of Lieutenant Arthur Aubert.\n""There was no combat. A piece of shrapnel struck the Lieutenant Adler in the lower leg; it looked like a deep wound to the tendon, and he simply collapsed onto the concrete. He couldn't stand up. The noise came next. That dull screech of heavy transmission chains. The driver knew he was there; the engine stalled for a second. Then all you could hear was the revving up. The Lieutenant didn't let go of the field radio switch. The transmission didn't cut out immediately; the channel filled with static, metal grinding, and after the first of his desperate, choked cries, a sound of wet pressure against the asphalt that lasted nearly two minutes."""
NEWSPAPER_ODISEO,"[font_size=20][b]ESTRATEGA OLSSON
HALLADO TRAS 20
MESES[/b][/font_size]\n\nEl gobierno celebra la recuperación de su mayor estratega como una victoria absoluta sobre el salvajismo enemigo.\nTras exactamente un año y ocho meses en condición de Desaparecido en Acción, patrullas de contrainteligencia localizaron al oficial en un pozo de confinamiento subterráneo abandonado por el enemigo en retirada.\nEl Capitán Olsson presenta cicatrices de tortura perimetral, desnutrición extrema y una pérdida total de las capacidades de reconocimiento verbal y facial. Según el informe de los rescatistas, el oficial no reaccionó a su propio nombre.","[font_size=20][b]STRATEGIST OLSSON
FOUND AFTER 20
MONTHS[/b][/font_size]\n\nThe government hails the recovery of its top strategist as a resounding victory over enemy brutality\nAfter exactly one year and eight months as a Missing in Action, counterintelligence patrols located the officer in an underground detention pit abandoned by the retreating enemy.\nCaptain Olsson shows signs of torture, extreme malnutrition, and a total loss of verbal and facial recognition abilities. According to the rescuers’ report, the officer did not react to his own name."
NEWSPAPER_PATROCLO,"[font_size=20][b]REPORTE DE LA DIVISIÓN
DE INFANTERÍA[/b][/font_size]\n\nExtracto del Reporte de Combate (División de Infantería):«Al activarse las alarmas por dispersión de agente Choice (gas de asfixia), el Cabo Evrard procedió al equipamiento de emergencia en la penumbra del búnker. Por error de proximidad, Evans calzó la máscara de aislamiento pesado con visor de policarbonato blindado e insignias de frecuencia lateral pertenecientes al comandante del sector. Al salir a la línea de fuego para repeler el avance de la infantería enemiga, el brillo reflectante del visor blindado —exclusivo del rango de oficialía— concentró el fuego de todos los tiradores y ametralladoras del bando contrario. Evans recibió una descarga concentrada de calibre pesado que destruyó la sección frontal del equipo. La intensidad del fuego dirigido a su posición permitió que el resto del pelotón, incluido el mando real, realizara el repliegue con éxito a la segunda línea de defensa».","[font_size=20][b]INFANTRY DIVISION
REPORT[/b][/font_size]\nExcerpt from the Combat Report (Infantry Division): “When the alarms sounded due to the release of Agent Choice (choking gas), Corporal Evrard proceeded to don his emergency gear in the dim light of the bunker. Due to a proximity error, Evans donned the heavy isolation mask with an armored polycarbonate visor and side-mounted frequency insignia belonging to the sector commander. Upon exiting into the line of fire to repel the advance of the enemy infantry, the reflective glare of the armored visor—exclusive to the officer rank—drew the concentrated fire of all enemy snipers and machine guns. Evans took a concentrated barrage of heavy-caliber fire that destroyed the front section of his gear. The intensity of the fire directed at his position allowed the rest of the squad, including the actual command, to successfully withdraw to the second line of defense.”"
BASEMENT_CLUE,"Primero cayó el reflejo, vistiendo piel ajena, la fiera de bronce que derramó su sangre en la arena. Luego el muro se rompió, el guardián fue arrastrado, detrás del carro del odio, su orgullo destrozado. Tercero cayó el invicto, el de los pies ligeros, una espina en el talón detuvo al primero de los guerreros. Cuarto fue el gigante, que el juicio perdió en la noche, abrazó su propio acero para acallar el reproche. Y al final, el astuto, que a la muerte engañó en la llanura, fue tragado por el mar, perdiéndose en la noche oscura.","First fell the reflection, clad in another’s skin, the bronze beast that spilled its blood in the arena. Then the wall broke, the guardian was dragged away, behind the chariot of hatred, his pride shattered. Third fell the undefeated one, the swift-footed one; a thorn in his heel halted the foremost of warriors. Fourth was the giant, who lost his judgment in the night, embracing his own steel to silence the reproach. And finally, the cunning one, who outwitted death on the plain, was swallowed by the sea, lost in the dark night."
